title,address
Mr,Mr
Mrs,Mrs
Miss,Miss
Dr,Dr
Ms,Ms
Professor,Professor
Lady,The Hon. Mrs
Sir,Sir
Captain,Capt
Major,Major
Lieutenant Colonel,Lt.-Col
Colonel,Col
Lieutenant Commander,Lt.-Cmdr
The Honourable,Mr
Commander,Cmdr
Flight Lieutenant,Flt. Lt
Brigadier,Brgdr
Lord,Lord
Wing Commander,Wing Commander
Group Captain,Group Capt
Reverend Father,Revd. Father
Major General,Major General
Air Commodore,Air Commodore
Dame,Dame
Rear Admiral,Admiral
Councillor,Councillor
Able Seaman,Able Seaman
Acting Detective Sergeant,Acting Detective Sergeant
Admiral,Admiral
Admiral Sir,Sir
Admiral the Lord,Lord
Air Chief Marshal Sir,Sir
Air Marshal,Air Marshal
Air Marshal Sir,Sir
Air Vice-Marshal,Air Vice-Marshal
Air Vice-Marshal The Hon,Air Vice-Marshal
Alderman,Alderman
Ambassador,Ambassador
Ambassador & Mrs,Ambassador
Archbishop,Archbishop
Archdeacon,Archdeacon
Assistant Professor,Asst. Professor
Baron,Lord
Baroness,Lady
Bishop,Bishop
Bishop Dr,Bishop
Bombardier,Bombardier
Brigadier and Mrs,Brigadier and Mrs
Brother,Brother
Canon,Canon
Canon & Mrs,Canon & Mrs
Canon Dr,Canon
Captain & Mrs,Captain & Mrs
Captain Dr,Captain Dr
Chancellor,Chancellor
Chief,Chief
Chief Constable,Chief Constable
Chief Dr,Chief Dr
Chief Inspector,Chief Inspector
Chief Petty Officer,Chief Petty Officer
Chief Rabbi,Chief Rabbi
Chief Rabbi Dr,Chief Rabbi
Chief Rabbi Sir,Chief Rabbi
Chief Superintendent,Chief Superintendent
Chief Technician,Chief Technician
Colonel Sir,Sir
Colonel the Reverend,Colonel the Reverend
Colour Sergeant,Colour Sergeant
Commodore,Commodore
Congressman,Congressman
Congresswoman,Congresswoman
Corporal,Corporal
Councillor & Councillor,Councillor & Councillor
Councillor & Mrs,Councillor & Mrs
Councillor Baroness,Baroness
Councillor Dame,Dame
Councillor Dr,Councillor Dr
Councillor Major,Major
Councillor Mayor,Councillor Mayor
Councillor Mrs,Councillor
Councillor Professor,Professor
Councillor Reverend,Councillor
Councillor Sir,Sir
Councillor The Reverend,Councillor
Counsellor,Counsellor
Count,Count
Countess,Countess
Craftsman,Craftsman
Crown Prince,Crown Prince
Deacon,Deacon
Deaconess,Deaconess
Dean,Dean
Deputy,Deputy
Deputy President,Deputy President
Deputy Prime Minister,Deputy Prime Minister
Detective Chief Inspector,Detective Chief Inspector
Detective Chief Superintendent,Detective Chief Superintendent
Detective Constable,Detective Constable
Detective Inspector,Detective Inspector
Detective Sergeant,Detective Sergeant
Detective Superintendent,Detective Superintendent
District Judge,Judge
Dom,Dom
Dowager Countess,Lady
Dowager Duchess of,Duchess
Dr & Dr,Dr & Dr
Dr & Mrs,Dr & Mrs
Dr & Ms,Dr & Ms
Dr Dame,Dame
Drs,Dr & Dr
Drummer,Drummer
Duchess,Lady
Duke,Duke
Earl,Earl
Father,Father
Father Dr,Father
Flight Officer,Flight Officer
Flight Sergeant,Flight Sergeant
General,General
General Sir,General
General the Lord,Lord
Governor,Governor
Group Captain The Honourable,Group Captain
Guardsman,Guardsman
Gunner,Gunner
Her Excellency the Ambassador of,Ambassador
Her Excellency the High Commissioner for,Ambassador
Her Honour Judge,Judge
Herr,Herr
High Commissioner,High Commissioner
His Beatitude,Your Beatitude
His Eminence,Your Eminence
Mr & Mrs,Mr & Mrs
His Eminence Cardinal,Cardinal
His Eminence Dr,Eminence
His Excellency,Ambassador
His Excellency Air Chief Marshal,Air Chief Marshal
His Excellency Judge,Judge
His Excellency Mr,Mr
His Excellency Professor,Professor
His Excellency Right Honourable,Your Excellency
His Excellency the Ambassador of,Ambassador
His Excellency the High Commissioner for,High Commissioner
His Grace the Duke,Duke
His Grace the Duke of,Duke
His Highness,Your Highness
His Highness Sheikh,Your Highness
His Holiness,Your Holiness
His Honour Judge,Judge
His Royal Highness,Your Highness
The Honourable Alderwoman Mrs,Mrs
The Honourable Dr,Dr
Imam,Imam
Inspector,inspector
Lady Justice,Lady
Lance Bombardier,Lance Bombardier
Lance Corporal,Lance Corporal
Lance Sergeant,Lance Sergeant
His Royal Highness Prince,Your Highness Prince
Leading Aircraftman,Leading Aircraftman
Leading Seaman,Leading Seaman
Lieutenant,Lieutenant
Lieutenant Colonel & Mrs,Lieutenant Colonel
Lieutenant Colonel Sir,Lieutenant Colonel Sir
Lieutenant Commander Sir,Sir
Lord and Lady,Lord and Lady
Lord Dr,Lord
Lord Justice,Lord
Lord Lieutenant,Lord Lieutenant
Madam,Madam
Major and Dr,Major & Dr
Major and Mrs,Major and Mrs
Major General Sir,Sir
Marchioness,Lady
Marine,Mr
Marquis,Lord
Master,Master
Master Aircrew,Master Aircrew
Master Sergeant,Master Sergeant
Mayor,Mr Mayor
Mayor & Mayoress,Mr Mayor
Midshipman,Midshipman
Monsieur,Monsieur
Monsignor,Monsignor
Monsignor Dr,Monsignor
Mother,Mother
Mr & Dr,Mr and Dr
Mr & Mr,Mr
Mr Justice,Mr
Mr Sheriff,Sheriff
Mrs & Miss,Mrs and Miss
Mrs & Mrs,Mrs & Mrs
Padre,Padre
Pastor,Mr
Pastor & Mrs,Mr and Mrs
PC,Mr
Petty Officer,Petty Officer
Pilot Officer,Mr
Premier,Premier
President,President
Prime Minister,Prime Minister
Prince,Prince
Princess,Your Royal Highness
Private,Private
Professor and Dr,Professor and Dr
Professor and Mrs,Professor and Mrs
Professor and Ms,Professor and Ms
Professor Dame,Dame
Professor Dr,Professor
Professor Lord,Lord
Professor Sir,Sir
Professor the Baroness,Baroness
Professor The Lord,Lord
Provost,Provost
PS,Mr
Rabbi,Rabbi
Rabbi and Mrs,Rabbi and Mrs
Rabbi Baroness,Baroness
Rabbi Dr,Rabbi
Rear Admiral Sir,Sir
Reverend and Mrs,Mr & Mrs
Reverend Captain,Mr
Reverend Pastor,Pastor
Reverends,Mr & Mrs
Rifleman,Rifleman
Sapper,Sapper
Second Lieutenant,Mr
Secretary,Secretary
Secretary General,Secretary General
Senator,Senator
Senior Aircraftman,Mr
Senior Aircraftwoman,Ms
Sergeant,Sergeant
Sergeant Major,Sergeant Major
Sheikh,Sheikh
Sheikh Dr,Sheikh
Signaller,Signaller
Sir and Lady,Sir and Lady
Sister,Sister
Special Chief Inspector,Special Chief Inspector
Squadron Leader,Squadron Leader
Sergeant ,Sergeant
Staff Sergeant,Staff Sergeant
Station Commander,Station Commander
Sub Lieutenant,Mr
Superintendent,Superintendent
Surgeon Lieutenant Commander,Surgeon Lieutenant Commander
Swami,Swami
The Archbishop of,Archbishop
The Baroness,Lady
The Chaplain,Chaplain
The Countess,Lady
The Dowager Countess of,Lady
The Duke,Duke
The Duke of,Duke
The Earl,Lord
The Honourable,The Honourable
The Honourable Alderman,Alderman
The Honourable Alderman Sir,Sir
The Honourable Mrs,Mrs
The Honourable Mrs Justice,Judge
The Honourable Ms,Ms
The Honourable Sir,Sir
The Honorable,Senator
The Honorable General,General
The Honourable Dame,Dame
The Honourable Lady,Lady
The Honourable Minister,Minister
The Honourable Mr Justice,Judge
The Lady,Lady
The Lord,Lord
The Lord Prior,Lord Prior
The Marquess of,Lord
The Mayor Councillor,Councillor
The Mayor of,Mayor
The Most Honourable The Marquess of,Lord
The Most Reverend,Archbishop
The Most Reverend And Right Honourable The Lord,Archbishop
The Most Reverend Dr,Dr
The Most Reverend The Lord,Archbishop
The Most Venerable,Venerable
The Reverend,Mr
The Reverend and Mrs,Mr and Mrs
The Reverend and The Reverend,Mr and Mrs
The Reverend Baroness,Lady
The Reverend Canon,Canon
The Reverend Canon and Dr,Canon and Dr
The Reverend Canon and Mrs,Canon and Mrs
The Reverend Canon Dr,Dr
The Reverend Canon Professor,Canon
The Reverend Captain,Captain
The Reverend Councillor,Councillor
The Reverend Deacon,Mr
The Reverend Dr,Dr
The Reverend Dr & Dr,Dr and Dr
The Reverend Dr & Mrs,Dr and Mrs
The Reverend Father,Father
The Reverend Lord,The Reverend Lord
The Reverend Miss,Miss
The Reverend Mrs,Mrs
The Reverend Ms,Ms
The Reverend Prebendary,Prebendary
The Reverend Prebendary & Mrs,Prebendary
The Reverend Professor,Professor
The Reverend Sister,Sister
The Reverend Wing Commander,Wing Commander
The Right Honourable,Mr
The Right Honourable Dame,Dame
The Right Honourable Dr,Dr
The Right Honourable Sir,Sir
The Right Honourable The Baroness,Baroness
The Right Honourable The Lord,Lord
The Right Honourable the Reverend,Mr
The Right Reverend,Bishop
The Right Reverend and Right Honourable,Bishop
The Right Reverend Bishop,Bishop
The Right Reverend Dr,Dr
The Right Reverend Prebendary,Bishop
The Right Reverend Professor,Professor
The Right Reverend The Bishop of,Bishop
The Right Reverend The Lord Bishop of,Bishop
The Right Worshipful Lord Mayor,Lord Mayor
The Right Worshipful The Mayor of,Lord Mayor
The Right Honourable Lady Justice,Lady
The Right Honourable The Countess,Lady
The Right Honourable The Lord Judge,Lord Judge
The Right Honourable The Lord Justice,Lord Justice
The Right Honourable The Lord Provost of,Lord
The Right Reverend Dr,Dr
The Right Reverend Monsignor,Monsignor
The Right Reverend The Right Honourable,Mr
The Venerable the Archdeacon of,Archdeacon
The Venerable,Archdeacon
The Very Reverend,Mr
The Very Reverend Dr,Very Reverend
The Very Reverend Father,Father Provincial
The Very Reverend Monsignor Canon,Monsignor
The Very Reverend The,Dean
The Very Reverend the Dean of,Dean
The Vice President of,Vice President
The Viscount,Lord
The Viscountess,Lady
The Worshipful,
The Worshipful the Mayor Councillor,Mayor
The Worshipful the Mayor of,Mayor
Trooper,Trooper
Venerable,Venerable
Vice Admiral,Vice Admiral
Vice Admiral Sir,Sir
Vice-Chancellor,Vice-Chancellor
Viscountess,Lady
Warrant Officer,Warrant Officer
Wing Commander & Mrs,Wing Commander & Mrs
Wing Commanders,Wing Commanders
Yeoman Warder,Mr
Sergeant Major,Company Sergeant Major
Sergeant Major,Regimental Sergeant Major
His Excellency Premier,His Excellency 
His Excellency President,His Excellency
The Right Honourable The Lord Mayor,
The Right Reverend Dame,Bishop
The Lord Bishop,Bishop
Her Majesty's Ambassador ,Ambassador 
Commandant,Commandant
Cardinal,Cardinal
Mr & The Reverend,Mr & Mrs
The Lady Mayoress,Lady Mayoress
Mx,
